INSERT INTO adresse_t(id, strasse, nummer, ort, plz) values ('1', 'Milchstr.', '14a','Dresden', '01139' );
INSERT INTO adresse_t(id, strasse, nummer, ort, plz) values ('2', 'Hasenbergstr.', '8','Dresden', '01139' );
INSERT INTO adresse_t(id, strasse, nummer, ort, plz) values ('3', 'Königstr.', '56','Dresden', '01139' );
INSERT INTO adresse_t(id, strasse, nummer, ort, plz) values ('4', 'Apothekerstr.', '23','Dresden', '01126' );
INSERT INTO adresse_t(id, strasse, nummer, ort, plz) values ('5', 'Honigstr.', '1','Reutlingen', '72764' );
INSERT INTO adresse_t(id, strasse, nummer, ort, plz) values ('6', 'Hausstr.', '24','Reutlingen', '72764' );
INSERT INTO adresse_t(id, strasse, nummer, ort, plz) values ('7', 'Echazstr.', '65/1','Reutlingen', '54326' );
INSERT INTO adresse_t(id, strasse, nummer, ort, plz) values ('8', 'Honigstr.', '5','Reutlingen', '72764' );
INSERT INTO adresse_t(id, strasse, nummer, ort, plz) values ('9', 'Hausstr.', '16/1a','Reutlingen', '72764' );
INSERT INTO adresse_t(id, strasse, nummer, ort, plz) values ('10', 'Neckartalstr.', '153','Stuttgart', '70376' );
INSERT INTO adresse_t(id, strasse, nummer, ort, plz) values ('11', 'Friozheimerstr.', '7','Stuttgart', '70499' );
INSERT INTO adresse_t(id, strasse, nummer, ort, plz) values ('12', 'Milchstr.', '14a','Dresden', '01139' );
INSERT INTO adresse_t(id, strasse, nummer, ort, plz) values ('13', 'Hasenbergstr.', '8','Dresden', '01139' );
INSERT INTO adresse_t(id, strasse, nummer, ort, plz) values ('14', 'Königstr.', '56','Dresden', '01139' );
INSERT INTO adresse_t(id, strasse, nummer, ort, plz) values ('15', 'Apothekerstr.', '23','Dresden', '01126' );
INSERT INTO adresse_t(id, strasse, nummer, ort, plz) values ('16', 'Honigstr.', '1','Reutlingen', '72764' );
INSERT INTO adresse_t(id, strasse, nummer, ort, plz) values ('17', 'Hausstr.', '24','Reutlingen', '72764' );
INSERT INTO adresse_t(id, strasse, nummer, ort, plz) values ('18', 'Echazstr.', '65/1','Reutlingen', '54326' );
INSERT INTO adresse_t(id, strasse, nummer, ort, plz) values ('19', 'Honigstr.', '5','Reutlingen', '72764' );


INSERT INTO apotheke(id, name, email, anschrift) values ('1', 'Löwen Apotheke','apo1@outlook.de', '1');
INSERT INTO apotheke(id, name, email, anschrift) values ('2', 'Dorf Apotheke', 'apo2@outlook.de', '2');
INSERT INTO apotheke(id, name, email, anschrift) values ('3', 'Hirsch Apotheke', 'apo3@outlook.de', '5');

INSERT INTO btm(id,name, darreichungsform, einheit,apotheke, menge) values ('1', 'Capros Akut 20 mg', 'Tbl', 'Stueck', '1', 0);
INSERT INTO btm(id,name, darreichungsform, einheit,apotheke, menge) values ('2', 'Carehoxal 10mg', 'RTA', 'Stueck', '1', 0);
INSERT INTO btm(id,name, darreichungsform, einheit,apotheke, menge) values ('3', 'Dipidolor', 'Ampullen', 'Stueck', '1', 0);
INSERT INTO btm(id,name, darreichungsform, einheit,apotheke, menge) values ('4', 'Dronabinol 25mg/ml','Rezeptursubstanz','mg', '1', 0);
INSERT INTO btm(id,name, darreichungsform, einheit,apotheke, menge) values ('5', 'Elvanse 30 mg', 'HKP', 'Stueck', '1', 0);
INSERT INTO btm(id,name, darreichungsform, einheit,apotheke, menge) values ('6', 'Fentanyl-Hexal Pfl 37,5 ug/Std.', 'Pfl', 'Stueck', '2', 0);
INSERT INTO btm(id,name, darreichungsform, einheit,apotheke, menge) values ('7', 'Carehoxal 10mg', 'RTA', 'Stueck', '2', 0);
INSERT INTO btm(id,name, darreichungsform, einheit,apotheke, menge) values ('8', 'Dipidolor', 'Ampullen', 'Stueck', '2', 0);
INSERT INTO btm(id,name, darreichungsform, einheit,apotheke, menge) values ('9', 'Equasim Ret. 20mg', 'HKP', 'Stueck', '2', 0);
INSERT INTO btm(id,name, darreichungsform, einheit,apotheke, menge) values ('10','Elvanse 30 mg' ,'HKP', 'Stueck', '2', 0);
INSERT INTO btm(id,name, darreichungsform, einheit,apotheke, menge) values ('11', 'Oxycodon/Nalox Beta 10/5', 'RTA', 'Stueck', '3', 0);
INSERT INTO btm(id,name, darreichungsform, einheit,apotheke, menge) values ('12', 'Oxycodon/Nalox 20/10 mg Beta', 'RTA', 'Stueck', '3', 0);
INSERT INTO btm(id,name, darreichungsform, einheit,apotheke, menge) values ('13', 'Oxiconoica 10 mg', 'RTA', 'Stueck', '3', 0);
INSERT INTO btm(id,name, darreichungsform, einheit,apotheke, menge) values ('14', 'Dipidolor', 'Ampullen', 'Stueck', '3', 0);
INSERT INTO btm(id,name, darreichungsform, einheit,apotheke, menge) values ('15', 'Palexia', 'RTA', 'Stueck', '3', 0);
INSERT INTO btm(id,name, darreichungsform, einheit,apotheke, menge) values ('16','Elvanse 30 mg','HKP', 'Stueck', '3', 0);

INSERT INTO benutzer(id , name, vorname, nutzername, passwort, rolle, aktiv, apotheke) values ('1', 'Heller', 'Helga', 'nutzername1', '123_abcd', 'ADMIN', true, '1');
INSERT INTO benutzer(id , name, vorname, nutzername, passwort, rolle, aktiv, apotheke) values ('2', 'Kurz', 'Martin', 'benutzername2', '123_zbgvf', 'Pruefer', true, '1');
INSERT INTO benutzer(id , name, vorname, nutzername, passwort, rolle, aktiv, apotheke) values ('3', 'Stegmiller', 'Hans', 'benutzername3', '1_zbgvf', 'Benutzer', true, '1');
INSERT INTO benutzer(id , name, vorname, nutzername, passwort, rolle, aktiv, apotheke) values ('4', 'Voteler', 'Jana', 'benutzername4', '12xx_zbgvf', 'Benutzer', true, '1');
INSERT INTO benutzer(id , name, vorname, nutzername, passwort, rolle, aktiv, apotheke) values ('5', 'Voigt', 'Michael', 'benutzername5', '123_abcd', 'ADMIN', true, '2');
INSERT INTO benutzer(id , name, vorname, nutzername, passwort, rolle, aktiv, apotheke) values ('6', 'Lasten', 'Klara', 'benutzername6', '123_zbgvf', 'Pruefer', true, '2');
INSERT INTO benutzer(id , name, vorname, nutzername, passwort, rolle, aktiv, apotheke) values ('7', 'Müller', 'Jan', 'benutzername7', '1_zbgvf', 'Benutzer', true,'2');
INSERT INTO benutzer(id , name, vorname, nutzername, passwort, rolle, aktiv, apotheke) values ('8', 'Wolle', 'Maria', 'benutzername7', '12xx_zbgvf', 'Benutzer', true, '2');
INSERT INTO benutzer(id , name, vorname, nutzername, passwort, rolle, aktiv, apotheke) values ('9', 'Miller', 'Karl', 'benutzername8', '123_abcs', 'ADMIN', true,'3');
INSERT INTO benutzer(id , name, vorname, nutzername, passwort, rolle, aktiv, apotheke) values ('10', 'Last', 'Heinz', 'benutzername9', '123_zbgvf', 'Pruefer', true, '3');
INSERT INTO benutzer(id , name, vorname, nutzername, passwort, rolle, aktiv, apotheke) values ('11', 'Maly', 'Jana', 'benutzername10', '1_zbtvf', 'Benutzer', true, '3');
INSERT INTO benutzer(id , name, vorname, nutzername, passwort, rolle, aktiv, apotheke) values ('12', 'Wolle', 'Maria', 'benutzername11', '12xx_zbgvf', 'Benutzer', true, '3');

INSERT INTO benutzer(id , name, vorname, nutzername, passwort, rolle, aktiv, apotheke) values ('13', 'admin', 'admin', 'admin', '$2a$10$IDK/q0ORORPcNiNQ62ChCOhuyVtEkCAFTZCey1dx1ez//m5XDHmRS', 'ADMIN', true, '1');
INSERT INTO benutzer(id , name, vorname, nutzername, passwort, rolle, aktiv, apotheke) values ('14', 'user', 'user', 'user', '$2a$10$DldU5zlP7Iw1Le7m5e/eJ.aBTLR3RRRJ45i23Tb42jsW550C3QsXW', 'BENUTZER', true, '1');
INSERT INTO benutzer(id , name, vorname, nutzername, passwort, rolle, aktiv, apotheke) values ('15', 'pruefer', 'pruefer', 'pruefer', '$2a$10$HkldGXpGNCKV/u1c9dT1ZuUgCEHvtFgDGcVEQjAMNzz96ERJodIyW', 'PRUEFER', true, '1');


INSERT INTO lieferant (id, name, anschrift, apotheke) values ('1', 'Browsecat', '11', '1');
INSERT INTO lieferant (id, name, anschrift, apotheke) values ('2', 'Wikivu', '12', '1');
INSERT INTO lieferant (id, name, anschrift, apotheke) values ('3', 'Demizz', '13', '1');
INSERT INTO lieferant (id, name, anschrift, apotheke) values ('4', 'Rhyzio', '14', '2');
INSERT INTO lieferant (id, name, anschrift, apotheke) values ('5', 'Tagtune', '15', '2');
INSERT INTO lieferant (id, name, anschrift, apotheke) values ('6', 'Jayo', '16', '2');
INSERT INTO lieferant (id, name, anschrift, apotheke) values ('7', 'Mymm','17', '3');
INSERT INTO lieferant (id, name, anschrift, apotheke) values ('8', 'Jabberbean','18', '3');
INSERT INTO lieferant (id, name, anschrift, apotheke) values ('9', 'Topiczoom','19', '3');

INSERT INTO arzt (id, name, anschrift, apotheke) value ('1', 'Dr. Krause', '6', '1');
INSERT INTO arzt (id, name, anschrift, apotheke) value ('2', 'Dr. Michellmann', '7', '1');
INSERT INTO arzt (id, name, anschrift, apotheke) value ('3', 'Dr. Fink', '8', '2');
INSERT INTO arzt (id, name, anschrift, apotheke) value ('4', 'Dr. Nübel', '9', '2');
INSERT INTO arzt (id, name, anschrift, apotheke) value ('5', 'Dr. Krause', '6', '2');
INSERT INTO arzt (id, name, anschrift, apotheke) value ('6', 'Dr. Herz', '7', '3');
INSERT INTO arzt (id, name, anschrift, apotheke) value ('7', 'Dr. Merz', '8', '3');
INSERT INTO arzt (id, name, anschrift, apotheke) value ('8', 'Dr. Haus', '9', '3');

INSERT INTO empfaenger (id, name, vorname, anschrift, apotheke) value ('1', 'Lang', 'Heinz', '6', '1');
INSERT INTO empfaenger (id, name, vorname, anschrift, apotheke) value ('2', 'Herzlieb', 'Karl', '7', '1');
INSERT INTO empfaenger (id, name, vorname, anschrift, apotheke) value ('3', 'Lange', 'Annemarie', '8', '2');
INSERT INTO empfaenger (id, name, vorname, anschrift, apotheke) value ('4', 'Klasse', 'Maria', '9', '2');
INSERT INTO empfaenger (id, name, vorname, anschrift, apotheke) value ('5', 'Hut', 'Lena', '6', '2');
INSERT INTO empfaenger (id, name, vorname, anschrift, apotheke) value ('6', 'Renner', 'Leonardo', '7', '3');
INSERT INTO empfaenger (id, name, vorname, anschrift, apotheke) value ('7', 'Master', 'Rudolf', '8', '3');
INSERT INTO empfaenger (id, name, vorname, anschrift, apotheke) value ('8', 'Hase', 'Mike', '9', '3');

INSERT INTO btm_buchung(id, pruefdatum, menge, datum, btm, benutzer, pruefer) value ('1', '2020-11-10', '100',  '2020-10-24', '1', '3', null);
INSERT INTO btm_buchung(id, pruefdatum, menge, datum, btm, benutzer, pruefer) value ('2', '2020-10-03', '20',  '2020-02-17', '1', '3', null);
INSERT INTO btm_buchung(id, pruefdatum, menge, datum, btm, benutzer, pruefer) value ('3', '2020-09-10', '20',  '2019-12-19', '1', '3', null);
INSERT INTO btm_buchung(id, pruefdatum, menge, datum, btm, benutzer, pruefer) value ('4', '2020-09-03', '5',  '2020-05-10', '1', '3', null);
INSERT INTO btm_buchung(id, pruefdatum, menge, datum, btm, benutzer, pruefer) value ('5', '2020-11-10', '5',  '2020-11-25', '7', '7', null);
INSERT INTO btm_buchung(id, pruefdatum, menge, datum, btm, benutzer, pruefer) value ('6', '2020-10-03', '10',  '2019-12-22', '7', '7', null);
INSERT INTO btm_buchung(id, pruefdatum, menge, datum, btm, benutzer, pruefer) value ('7', '2020-10-10', '20',  '2020-08-14', '8', '7', null);
INSERT INTO btm_buchung(id, pruefdatum, menge, datum, btm, benutzer, pruefer) value ('8', '2020-10-03', '60',  '2020-02-17', '8', '7', null);
INSERT INTO btm_buchung(id, pruefdatum, menge, datum, btm, benutzer, pruefer) value ('9', '2020-11-10', '5',  '2020-05-24', '1', '12', null);
INSERT INTO btm_buchung(id, pruefdatum, menge, datum, btm, benutzer, pruefer) value ('10', '2020-09-03', '10',  '2020-03-28', '1', '12', null);
INSERT INTO btm_buchung(id, pruefdatum, menge, datum, btm, benutzer, pruefer) value ('11', '2020-09-25', '5',  '2020-02-18', '1', '12', null);
INSERT INTO btm_buchung(id, pruefdatum, menge, datum, btm, benutzer, pruefer) value ('12', '2020-09-25', '20',  '2020-08-18', '1', '12', null);

INSERT INTO zugang (id, anfordergungsschein, lieferant) value ('1', '63671547', '1');
INSERT INTO zugang (id, anfordergungsschein, lieferant) value ('2', '65571547', '1');
INSERT INTO zugang (id, anfordergungsschein, lieferant) value ('3', '63688479', '2');
INSERT INTO zugang (id, anfordergungsschein, lieferant) value ('4', '65571993', '3');
INSERT INTO zugang (id, anfordergungsschein, lieferant) value ('5', '63678548', '1');
INSERT INTO zugang (id, anfordergungsschein, lieferant) value ('6', '65571547', '1');
INSERT INTO zugang (id, anfordergungsschein, lieferant) value ('7', '63688471', '2');
INSERT INTO zugang (id, anfordergungsschein, lieferant) value ('8', '65571997', '3');



INSERT INTO abgang (id, empfaenger, arzt, rezept) value ('9', '1', '2', '636715473');
INSERT INTO abgang (id, empfaenger, arzt, rezept) value ('10', '1', '3', '655715475');
INSERT INTO abgang (id, empfaenger, arzt, rezept) value ('11', '2', '4', '636884795');
INSERT INTO abgang (id, empfaenger, arzt, rezept) value ('12', '2', '5', '655719937');

